line,cluster
CC030,A
C57BL.6J,A
CC011,A
CC028,A
CC016,A
CC001,A
NZO.H1LtJ,A
CC007,A
CC043,A
CC031,A
129s1.SvImJ,B
NOD.ShiLtJ,B
CC017,B
CC045,B
CC034,B
CC037,B
CC044,B
CC046,B
AJ,C
CC033,C
CC057,C
CC047,C
CC035,C
CC008,C
CC022,C
CC056,C
CC006,D
CC051,D
Cast.EiJ,D
PWK.PhJ,D
CC025,D
CC010,D
CC012,D
CC059,D
CC013,D
CC021,D
CC061,D
CC024,E
CC018,E
CC003,E
CC005,E
CC032,E
CC015,E
CC004,E
CC009,E
CC039,E
Cybb-/-,F
Nos2-/-,F
CC041,F
CC042,F
CC040,F
Infg-/-,F
Rag2-/-,F
CC017,F
CC038,F
CC023,F
Wsb.Eij,F
CC019,F
CC002,F
CC065,F
